{   "Type": 1,   "BaseScore": 50,   "Title": "Finden Sie den Aletschgletscher",   "Longitude": 8.07608413696289,   "Latitude": 46.46310806274414,   "Elevation": 2962.973388671875}