{   "Type": 1,   "BaseScore": 100,   "Title": "Wo ist der Euro-Airport Basel-Mulhouse?",   "Longitude": 7.528105735778809,   "Latitude": 47.590023040771484,   "Elevation": 299.0296630859375}