{
        "Type": 1,
        "BaseScore": 50,
        "Title": "Wo befindet sich Bern?",
        "Longitude": 7.459552764892578,
        "Latitude": 46.96235656738281,
        "Elevation": 695.5850830078125

}