{   "Type": 1,   "BaseScore": 130,   "Title": "Wo liegt Biel",   "Longitude": 7.246743202209473,   "Latitude": 47.13290786743164,   "Elevation": 593.0240478515625}