{   "Type": 1,   "BaseScore": 100,   "Title": "Finde das Birsköpfli (Wo die Birs in den Rhein mündet)!",   "Longitude": 7.6158857345581055,   "Latitude": 47.55631637573242,   "Elevation": 324.8204650878906}