{   "Type": 1,   "BaseScore": 100,   "Title": "Finde den Hardwald (zwischen Birsfelden und Schweizerhalle)?",   "Longitude": 7.6438307762146,   "Latitude": 47.54337692260742,   "Elevation": 332.2215270996094}