{   "Type": 1,   "BaseScore": 40,   "Title": "Wo befindet sich Interlaken?",   "Longitude": 7.859307765960693,   "Latitude": 46.68467712402344,   "Elevation": 813.4755249023438}