{   "Type": 1,   "BaseScore": 100,   "Title": "Wo befindet sich Laufen?",   "Longitude": 7.501699924468994,   "Latitude": 47.419464111328125,   "Elevation": 479.486572265625}