{
        "Type": 1,
        "BaseScore": 100,
        "Title": "Wo befindet sich Liestal?",
        "Longitude": 7.73233699798584,
        "Latitude": 47.48242950439453,
        "Elevation": 343.36334228515625
}