{   "Type": 1,   "BaseScore": 100,   "Title": "Wo liegt Luzern",   "Longitude": 8.307229995727539,   "Latitude": 47.05173110961914,   "Elevation": 485.553955078125}