{   "Type": 1,   "BaseScore": 50,   "Title": "Finde den grössten ganz in der Schweiz liegende See",   "Longitude": 6.843116760253906,   "Latitude": 46.89801025390625,   "Elevation": 426.4983825683594}