    {
        "Type": 1,
        "BaseScore": 100,
        "Title": "Wo befindet sich Olten?",
        "Longitude": 7.911194324493408,
        "Latitude": 47.35575866699219,
        "Elevation": 718.5391845703125

    }