{   "Type": 1,   "BaseScore": 100,   "Title": "Finde Pratteln!",   "Longitude": 7.6892290115356445,   "Latitude": 47.5245246887207,   "Elevation": 313.1673889160156}