{   "Type": 1,   "BaseScore": 100,   "Title": "Finde den Schwerpunkt der Schweiz",   "Longitude": 8.2310209274292,   "Latitude": 46.79660415649414,   "Elevation": 1936.0294189453125}