{   "Type": 1,   "BaseScore": 100,   "Title": "Wo ist Sissach?",   "Longitude": 7.810023784637451,   "Latitude": 47.464290618896484,   "Elevation": 517.410888671875}